{
  "pages": [
    {
      "page": 1,
      "width": 595.303937,
      "height": 841.889764,
      "words": [
        {
          "text": "简",
          "xMin": 262.6,
          "yMin": 275.991,
          "xMax": 298.6,
          "yMax": 326.391
        },
        {
          "text": "历",
          "xMin": 316.564,
          "yMin": 275.991,
          "xMax": 352.564,
          "yMax": 326.391
        },
        {
          "text": "会展策划师",
          "xMin": 237.6,
          "yMin": 331.321,
          "xMax": 377.6,
          "yMax": 370.521
        }
      ]
    }
  ]
}