{
  "pages": [
    {
      "page": 1,
      "width": 595.303937,
      "height": 841.889764,
      "words": [
        {
          "text": "丁晓蓉",
          "xMin": 251.95,
          "yMin": 487.691,
          "xMax": 343.574,
          "yMax": 513.691
        },
        {
          "text": "求职意向：新媒体运营",
          "xMin": 245.3,
          "yMin": 522.741,
          "xMax": 355.3,
          "yMax": 533.741
        }
      ]
    }
  ]
}