{
  "pages": [
    {
      "page": 1,
      "width": 595.303937,
      "height": 841.889764,
      "words": [
        {
          "text": "姓名：高佳莉",
          "xMin": 238.0,
          "yMin": 307.169,
          "xMax": 346.0,
          "yMax": 325.151
        },
        {
          "text": "159-8888-8888",
          "xMin": 224.85,
          "yMin": 475.973,
          "xMax": 311.286,
          "yMax": 493.053
        },
        {
          "text": "1398888888",
          "xMin": 224.7,
          "yMin": 534.273,
          "xMax": 295.512,
          "yMax": 551.353
        },
        {
          "text": "77918524@qq.com",
          "xMin": 228.25,
          "yMin": 596.023,
          "xMax": 340.062,
          "yMax": 613.103
        }
      ]
    }
  ]
}