{
  "pages": [
    {
      "page": 1,
      "width": 595.303937,
      "height": 841.889764,
      "words": [
        {
          "text": "段海鹏/图像制",
          "xMin": 302.15,
          "yMin": 355.981,
          "xMax": 472.176,
          "yMax": 377.981
        },
        {
          "text": "河北能源职业技术学院/信息工程系",
          "xMin": 306.3,
          "yMin": 385.011,
          "xMax": 521.586,
          "yMax": 399.011
        },
        {
          "text": "作",
          "xMin": 302.15,
          "yMin": 395.081,
          "xMax": 324.15,
          "yMax": 417.081
        }
      ]
    }
  ]
}